123,entropy,0,0.2989,0.0802
123,entropy,2,0.3354,0.1280
123,entropy,4,0.3522,0.1389
123,entropy,8,0.3547,0.1496
123,conc_pop,0,0.2989,0.0802
123,conc_pop,2,0.3209,0.1243
123,conc_pop,4,0.3347,0.1309
123,conc_pop,8,0.3403,0.1284
123,entdistill_ep1,0,0.2989,0.0802
123,entdistill_ep1,2,0.3390,0.1326
123,entdistill_ep1,4,0.3546,0.1442
123,entdistill_ep1,8,0.3565,0.1501
123,entdistill_ep2,0,0.2989,0.0802
123,entdistill_ep2,2,0.3497,0.1357
123,entdistill_ep2,4,0.3539,0.1440
123,entdistill_ep2,8,0.3521,0.1506
123,entdistill_ep3,0,0.2989,0.0802
123,entdistill_ep3,2,0.3497,0.1357
123,entdistill_ep3,4,0.3538,0.1452
123,entdistill_ep3,8,0.3520,0.1516
123,entdistill_ep4,0,0.2989,0.0802
123,entdistill_ep4,2,0.3497,0.1357
123,entdistill_ep4,4,0.3538,0.1452
123,entdistill_ep4,8,0.3521,0.1521
123,entdistill_ep5,0,0.2989,0.0802
123,entdistill_ep5,2,0.3463,0.1341
123,entdistill_ep5,4,0.3538,0.1452
123,entdistill_ep5,8,0.3532,0.1509
123,entdistill_ep6,0,0.2989,0.0802
123,entdistill_ep6,2,0.3463,0.1341
123,entdistill_ep6,4,0.3538,0.1452
123,entdistill_ep6,8,0.3526,0.1491
123,entdistill_ep7,0,0.2989,0.0802
123,entdistill_ep7,2,0.3463,0.1341
123,entdistill_ep7,4,0.3538,0.1452
123,entdistill_ep7,8,0.3540,0.1464
123,entdistill_ep8,0,0.2989,0.0802
123,entdistill_ep8,2,0.3463,0.1341
123,entdistill_ep8,4,0.3538,0.1452
123,entdistill_ep8,8,0.3540,0.1464
123,entdistill_ep9,0,0.2989,0.0802
123,entdistill_ep9,2,0.3381,0.1321
123,entdistill_ep9,4,0.3527,0.1417
123,entdistill_ep9,8,0.3516,0.1433
123,entdistill_ep10,0,0.2989,0.0802
123,entdistill_ep10,2,0.3381,0.1321
123,entdistill_ep10,4,0.3598,0.1437
123,entdistill_ep10,8,0.3545,0.1488
1,entropy,0,0.3125,0.0834
1,entropy,2,0.3506,0.1280
1,entropy,4,0.3569,0.1371
1,entropy,8,0.3617,0.1387
1,conc_pop,0,0.3125,0.0834
1,conc_pop,2,0.3213,0.1302
1,conc_pop,4,0.3301,0.1308
1,conc_pop,8,0.3426,0.1279
1,entdistill_ep1,0,0.3125,0.0834
1,entdistill_ep1,2,0.3469,0.1279
1,entdistill_ep1,4,0.3570,0.1369
1,entdistill_ep1,8,0.3644,0.1526
1,entdistill_ep2,0,0.3125,0.0834
1,entdistill_ep2,2,0.3555,0.1329
1,entdistill_ep2,4,0.3587,0.1344
1,entdistill_ep2,8,0.3640,0.1506
1,entdistill_ep3,0,0.3125,0.0834
1,entdistill_ep3,2,0.3555,0.1329
1,entdistill_ep3,4,0.3604,0.1364
1,entdistill_ep3,8,0.3615,0.1501
1,entdistill_ep4,0,0.3125,0.0834
1,entdistill_ep4,2,0.3555,0.1329
1,entdistill_ep4,4,0.3604,0.1364
1,entdistill_ep4,8,0.3611,0.1496
1,entdistill_ep5,0,0.3125,0.0834
1,entdistill_ep5,2,0.3486,0.1308
1,entdistill_ep5,4,0.3604,0.1364
1,entdistill_ep5,8,0.3631,0.1509
1,entdistill_ep6,0,0.3125,0.0834
1,entdistill_ep6,2,0.3486,0.1308
1,entdistill_ep6,4,0.3605,0.1364
1,entdistill_ep6,8,0.3613,0.1492
1,entdistill_ep7,0,0.3125,0.0834
1,entdistill_ep7,2,0.3486,0.1308
1,entdistill_ep7,4,0.3605,0.1364
1,entdistill_ep7,8,0.3639,0.1498
1,entdistill_ep8,0,0.3125,0.0834
1,entdistill_ep8,2,0.3486,0.1308
1,entdistill_ep8,4,0.3605,0.1364
1,entdistill_ep8,8,0.3654,0.1483
1,entdistill_ep9,0,0.3125,0.0834
1,entdistill_ep9,2,0.3529,0.1241
1,entdistill_ep9,4,0.3639,0.1377
1,entdistill_ep9,8,0.3634,0.1423
1,entdistill_ep10,0,0.3125,0.0834
1,entdistill_ep10,2,0.3529,0.1241
1,entdistill_ep10,4,0.3640,0.1366
1,entdistill_ep10,8,0.3651,0.1478
2,entropy,0,0.3099,0.0854
2,entropy,2,0.3429,0.1207
2,entropy,4,0.3592,0.1311
2,entropy,8,0.3600,0.1342
2,conc_pop,0,0.3099,0.0854
2,conc_pop,2,0.3265,0.1173
2,conc_pop,4,0.3367,0.1202
2,conc_pop,8,0.3453,0.1176
2,entdistill_ep1,0,0.3099,0.0854
2,entdistill_ep1,2,0.3444,0.1306
2,entdistill_ep1,4,0.3590,0.1352
2,entdistill_ep1,8,0.3576,0.1501
2,entdistill_ep2,0,0.3099,0.0854
2,entdistill_ep2,2,0.3530,0.1258
2,entdistill_ep2,4,0.3591,0.1301
2,entdistill_ep2,8,0.3531,0.1503
2,entdistill_ep3,0,0.3099,0.0854
2,entdistill_ep3,2,0.3530,0.1258
2,entdistill_ep3,4,0.3593,0.1315
2,entdistill_ep3,8,0.3533,0.1492
2,entdistill_ep4,0,0.3099,0.0854
2,entdistill_ep4,2,0.3530,0.1258
2,entdistill_ep4,4,0.3593,0.1315
2,entdistill_ep4,8,0.3537,0.1489
2,entdistill_ep5,0,0.3099,0.0854
2,entdistill_ep5,2,0.3409,0.1215
2,entdistill_ep5,4,0.3593,0.1315
2,entdistill_ep5,8,0.3530,0.1471
2,entdistill_ep6,0,0.3099,0.0854
2,entdistill_ep6,2,0.3409,0.1215
2,entdistill_ep6,4,0.3593,0.1315
2,entdistill_ep6,8,0.3537,0.1487
2,entdistill_ep7,0,0.3099,0.0854
2,entdistill_ep7,2,0.3409,0.1215
2,entdistill_ep7,4,0.3593,0.1315
2,entdistill_ep7,8,0.3538,0.1472
2,entdistill_ep8,0,0.3099,0.0854
2,entdistill_ep8,2,0.3409,0.1215
2,entdistill_ep8,4,0.3593,0.1315
2,entdistill_ep8,8,0.3551,0.1488
2,entdistill_ep9,0,0.3099,0.0854
2,entdistill_ep9,2,0.3447,0.1235
2,entdistill_ep9,4,0.3576,0.1349
2,entdistill_ep9,8,0.3546,0.1408
2,entdistill_ep10,0,0.3099,0.0854
2,entdistill_ep10,2,0.3447,0.1235
2,entdistill_ep10,4,0.3603,0.1323
2,entdistill_ep10,8,0.3558,0.1463
3,entropy,0,0.3037,0.0791
3,entropy,2,0.3406,0.1170
3,entropy,4,0.3567,0.1394
3,entropy,8,0.3618,0.1419
3,conc_pop,0,0.3037,0.0791
3,conc_pop,2,0.3290,0.1281
3,conc_pop,4,0.3402,0.1329
3,conc_pop,8,0.3468,0.1310
3,entdistill_ep1,0,0.3037,0.0791
3,entdistill_ep1,2,0.3456,0.1335
3,entdistill_ep1,4,0.3601,0.1417
3,entdistill_ep1,8,0.3610,0.1499
3,entdistill_ep2,0,0.3037,0.0791
3,entdistill_ep2,2,0.3544,0.1317
3,entdistill_ep2,4,0.3572,0.1406
3,entdistill_ep2,8,0.3611,0.1511
3,entdistill_ep3,0,0.3037,0.0791
3,entdistill_ep3,2,0.3544,0.1317
3,entdistill_ep3,4,0.3584,0.1409
3,entdistill_ep3,8,0.3620,0.1525
3,entdistill_ep4,0,0.3037,0.0791
3,entdistill_ep4,2,0.3544,0.1317
3,entdistill_ep4,4,0.3584,0.1409
3,entdistill_ep4,8,0.3626,0.1533
3,entdistill_ep5,0,0.3037,0.0791
3,entdistill_ep5,2,0.3434,0.1304
3,entdistill_ep5,4,0.3584,0.1409
3,entdistill_ep5,8,0.3626,0.1495
3,entdistill_ep6,0,0.3037,0.0791
3,entdistill_ep6,2,0.3434,0.1304
3,entdistill_ep6,4,0.3582,0.1412
3,entdistill_ep6,8,0.3602,0.1521
3,entdistill_ep7,0,0.3037,0.0791
3,entdistill_ep7,2,0.3434,0.1304
3,entdistill_ep7,4,0.3582,0.1412
3,entdistill_ep7,8,0.3591,0.1494
3,entdistill_ep8,0,0.3037,0.0791
3,entdistill_ep8,2,0.3434,0.1304
3,entdistill_ep8,4,0.3582,0.1412
3,entdistill_ep8,8,0.3604,0.1483
3,entdistill_ep9,0,0.3037,0.0791
3,entdistill_ep9,2,0.3504,0.1354
3,entdistill_ep9,4,0.3549,0.1408
3,entdistill_ep9,8,0.3594,0.1461
3,entdistill_ep10,0,0.3037,0.0791
3,entdistill_ep10,2,0.3504,0.1354
3,entdistill_ep10,4,0.3578,0.1398
3,entdistill_ep10,8,0.3592,0.1473
7,entropy,0,0.3036,0.0738
7,entropy,2,0.3456,0.1138
7,entropy,4,0.3553,0.1305
7,entropy,8,0.3585,0.1380
7,conc_pop,0,0.3036,0.0738
7,conc_pop,2,0.3300,0.1158
7,conc_pop,4,0.3413,0.1264
7,conc_pop,8,0.3509,0.1266
7,entdistill_ep1,0,0.3036,0.0738
7,entdistill_ep1,2,0.3434,0.1216
7,entdistill_ep1,4,0.3608,0.1396
7,entdistill_ep1,8,0.3617,0.1490
7,entdistill_ep2,0,0.3036,0.0738
7,entdistill_ep2,2,0.3501,0.1276
7,entdistill_ep2,4,0.3604,0.1380
7,entdistill_ep2,8,0.3601,0.1507
7,entdistill_ep3,0,0.3036,0.0738
7,entdistill_ep3,2,0.3501,0.1276
7,entdistill_ep3,4,0.3590,0.1402
7,entdistill_ep3,8,0.3601,0.1527
7,entdistill_ep4,0,0.3036,0.0738
7,entdistill_ep4,2,0.3501,0.1276
7,entdistill_ep4,4,0.3590,0.1402
7,entdistill_ep4,8,0.3597,0.1526
7,entdistill_ep5,0,0.3036,0.0738
7,entdistill_ep5,2,0.3491,0.1275
7,entdistill_ep5,4,0.3590,0.1402
7,entdistill_ep5,8,0.3606,0.1508
7,entdistill_ep6,0,0.3036,0.0738
7,entdistill_ep6,2,0.3491,0.1275
7,entdistill_ep6,4,0.3583,0.1398
7,entdistill_ep6,8,0.3608,0.1529
7,entdistill_ep7,0,0.3036,0.0738
7,entdistill_ep7,2,0.3491,0.1275
7,entdistill_ep7,4,0.3583,0.1398
7,entdistill_ep7,8,0.3586,0.1474
7,entdistill_ep8,0,0.3036,0.0738
7,entdistill_ep8,2,0.3491,0.1275
7,entdistill_ep8,4,0.3583,0.1398
7,entdistill_ep8,8,0.3605,0.1471
7,entdistill_ep9,0,0.3036,0.0738
7,entdistill_ep9,2,0.3511,0.1273
7,entdistill_ep9,4,0.3584,0.1373
7,entdistill_ep9,8,0.3582,0.1430
7,entdistill_ep10,0,0.3036,0.0738
7,entdistill_ep10,2,0.3511,0.1273
7,entdistill_ep10,4,0.3609,0.1380
7,entdistill_ep10,8,0.3605,0.1509
11,entropy,0,0.3200,0.0822
11,entropy,2,0.3612,0.1208
11,entropy,4,0.3658,0.1385
11,entropy,8,0.3624,0.1459
11,conc_pop,0,0.3200,0.0822
11,conc_pop,2,0.3318,0.1220
11,conc_pop,4,0.3408,0.1325
11,conc_pop,8,0.3469,0.1287
11,entdistill_ep1,0,0.3200,0.0822
11,entdistill_ep1,2,0.3610,0.1284
11,entdistill_ep1,4,0.3619,0.1442
11,entdistill_ep1,8,0.3632,0.1553
11,entdistill_ep2,0,0.3200,0.0822
11,entdistill_ep2,2,0.3592,0.1264
11,entdistill_ep2,4,0.3611,0.1401
11,entdistill_ep2,8,0.3616,0.1544
11,entdistill_ep3,0,0.3200,0.0822
11,entdistill_ep3,2,0.3592,0.1264
11,entdistill_ep3,4,0.3624,0.1394
11,entdistill_ep3,8,0.3627,0.1557
11,entdistill_ep4,0,0.3200,0.0822
11,entdistill_ep4,2,0.3592,0.1264
11,entdistill_ep4,4,0.3624,0.1394
11,entdistill_ep4,8,0.3634,0.1562
11,entdistill_ep5,0,0.3200,0.0822
11,entdistill_ep5,2,0.3487,0.1302
11,entdistill_ep5,4,0.3624,0.1394
11,entdistill_ep5,8,0.3636,0.1557
11,entdistill_ep6,0,0.3200,0.0822
11,entdistill_ep6,2,0.3487,0.1302
11,entdistill_ep6,4,0.3627,0.1394
11,entdistill_ep6,8,0.3651,0.1537
11,entdistill_ep7,0,0.3200,0.0822
11,entdistill_ep7,2,0.3487,0.1302
11,entdistill_ep7,4,0.3627,0.1394
11,entdistill_ep7,8,0.3659,0.1527
11,entdistill_ep8,0,0.3200,0.0822
11,entdistill_ep8,2,0.3487,0.1302
11,entdistill_ep8,4,0.3627,0.1394
11,entdistill_ep8,8,0.3644,0.1529
11,entdistill_ep9,0,0.3200,0.0822
11,entdistill_ep9,2,0.3518,0.1305
11,entdistill_ep9,4,0.3578,0.1391
11,entdistill_ep9,8,0.3576,0.1480
11,entdistill_ep10,0,0.3200,0.0822
11,entdistill_ep10,2,0.3518,0.1305
11,entdistill_ep10,4,0.3654,0.1400
11,entdistill_ep10,8,0.3687,0.1528
