episode,reward,acc,loss,reward_ma10,acc_ma10
1,0.0500,0.5102,0.0000,0.0500,0.5102
2,0.5182,0.4182,0.0000,0.2841,0.4642
3,-0.1500,0.5000,0.0000,0.1394,0.4761
4,0.1974,0.6316,-0.1133,0.1539,0.5150
5,-0.3000,0.3571,-0.0141,0.0631,0.4834
6,0.1299,0.5970,0.0208,0.0742,0.5024
7,-0.1500,0.4430,0.1258,0.0422,0.4939
8,0.6500,0.5455,0.1262,0.1182,0.5003
9,0.2500,0.5102,0.0641,0.1328,0.5014
10,0.3302,0.3023,-0.0399,0.1526,0.4815
11,0.1000,0.3793,-0.1584,0.1576,0.4684
12,0.0000,0.5455,-0.2039,0.1057,0.4812
13,-0.2500,0.6154,-0.2553,0.0957,0.4927
14,0.3250,0.5833,-0.2155,0.1085,0.4879
15,0.0580,0.5507,-0.1903,0.1443,0.5072
16,0.1000,0.5769,-0.1476,0.1413,0.5052
17,0.1452,0.6190,-0.1428,0.1708,0.5228
18,-0.2500,0.5000,-0.1154,0.0808,0.5183
19,-0.0500,0.3571,-0.0933,0.0508,0.5030
20,0.0855,0.6129,0.0149,0.0264,0.5340
21,0.1688,0.5312,0.1099,0.0332,0.5492
22,0.1500,0.6667,0.1987,0.0482,0.5613
23,0.2392,0.5098,0.2502,0.0972,0.5508
24,0.1636,0.3636,0.2563,0.0810,0.5288
25,0.2909,0.5909,0.2274,0.1043,0.5328
26,0.5000,0.5455,0.1747,0.1443,0.5297
27,-0.1000,0.4545,0.1030,0.1198,0.5132
28,0.1500,0.5532,0.0363,0.1598,0.5186
29,-0.2000,0.5714,-0.0660,0.1448,0.5400
30,0.3300,0.6400,-0.1062,0.1693,0.5427
31,0.0500,0.5000,-0.1019,0.1574,0.5396
32,0.1500,0.4430,-0.1510,0.1574,0.5172
33,0.6357,0.4643,-0.1467,0.1970,0.5126
34,0.0000,0.6522,-0.2611,0.1807,0.5415
35,0.1000,0.6250,-0.2293,0.1616,0.5449
36,-0.1500,0.5556,-0.2661,0.0966,0.5459
37,0.3538,0.6923,-0.2856,0.1420,0.5697
38,-0.0500,0.4375,-0.2900,0.1220,0.5581
39,0.1000,0.5789,-0.3277,0.1520,0.5589
40,0.1188,0.4688,-0.3004,0.1308,0.5418
41,0.1733,0.3953,-0.2559,0.1432,0.5313
42,0.4227,0.5909,-0.2762,0.1704,0.5461
43,0.1500,0.3333,-0.2886,0.1219,0.5330
44,0.0500,0.5714,-0.2408,0.1269,0.5249
45,0.1500,0.5000,-0.2609,0.1319,0.5124
46,-0.1000,0.6875,-0.2264,0.1369,0.5256
47,0.1000,0.3846,-0.2041,0.1115,0.4948
48,0.2000,0.5128,-0.2181,0.1365,0.5024
49,0.6909,0.6364,-0.1843,0.1956,0.5081
50,0.1500,0.4655,-0.2048,0.1987,0.5078
51,0.1500,0.5102,0.0000,0.1964,0.5193
52,-0.2500,0.4000,0.0000,0.1291,0.5002
53,-0.2000,0.5000,0.0000,0.0941,0.5168
54,0.4579,0.8421,0.0022,0.1349,0.5439
55,-0.0500,0.3571,0.1716,0.1149,0.5296
56,0.4351,0.5522,0.2298,0.1684,0.5161
57,0.0500,0.4430,0.2105,0.1634,0.5219
58,0.3500,0.5455,0.1628,0.1784,0.5252
59,0.3204,0.5306,0.0988,0.1413,0.5146
60,0.0698,0.4419,0.0306,0.1333,0.5123
61,0.2500,0.3793,-0.0302,0.1433,0.4992
62,0.0500,0.5455,-0.0759,0.1733,0.5137
63,0.2500,0.6154,-0.1435,0.2183,0.5253
64,-0.1500,0.4583,-0.1837,0.1575,0.4869
65,0.4000,0.4928,-0.1625,0.2025,0.5004
66,0.2500,0.5769,-0.1385,0.1840,0.5029
67,-0.2000,0.5238,-0.1601,0.1590,0.5110
68,-0.3500,0.5000,-0.1458,0.0890,0.5064
69,0.2000,0.3571,-0.1662,0.0770,0.4891
70,0.3000,0.6774,-0.1341,0.1000,0.5127
71,0.1188,0.5312,-0.0909,0.0869,0.5278
72,0.3500,0.6667,-0.0926,0.1169,0.5400
73,0.1500,0.4706,-0.0496,0.1069,0.5255
74,0.2500,0.5000,-0.0274,0.1469,0.5297
75,-0.1500,0.5000,0.0048,0.0919,0.5304
76,0.3500,0.5455,0.0332,0.1019,0.5272
77,-0.1000,0.4545,0.0438,0.1119,0.5203
78,0.1500,0.5532,0.0484,0.1619,0.5256
79,-0.0286,0.6429,0.0495,0.1390,0.5542
80,0.3000,0.5600,0.0517,0.1390,0.5425
81,0.0500,0.5000,0.0500,0.1321,0.5393
82,0.3259,0.5190,0.0351,0.1297,0.5246
83,0.2500,0.4286,0.0300,0.1397,0.5204
84,0.1000,0.6522,-0.0010,0.1247,0.5356
85,0.1500,0.6250,-0.0001,0.1547,0.5481
86,0.2500,0.5556,-0.0079,0.1447,0.5491
87,0.0500,0.5385,-0.0149,0.1597,0.5575
88,-0.0500,0.4375,-0.0212,0.1397,0.5459
89,0.0500,0.5789,-0.0364,0.1476,0.5395
90,0.0000,0.5000,-0.0462,0.1176,0.5335
91,0.0233,0.3953,-0.0461,0.1149,0.5231
92,0.0955,0.3636,-0.0595,0.0919,0.5075
93,0.4500,0.3333,-0.0760,0.1119,0.4980
94,0.2000,0.5714,-0.0577,0.1219,0.4899
95,0.1500,0.5000,-0.0766,0.1219,0.4774
96,0.2500,0.6875,-0.0832,0.1219,0.4906
97,0.3000,0.3846,-0.0764,0.1469,0.4752
98,0.2500,0.5128,-0.0798,0.1769,0.4828
99,0.3500,0.5455,-0.0689,0.2069,0.4794
100,0.3500,0.4655,-0.0805,0.2419,0.4760
101,0.2714,0.5357,-0.0712,0.2667,0.4900
102,0.3500,0.4545,-0.1014,0.2921,0.4991
103,0.2318,0.4182,-0.0702,0.2703,0.5076
104,0.2000,0.6316,-0.0835,0.2703,0.5136
105,0.4000,0.5625,-0.1140,0.2953,0.5198
106,0.3000,0.5000,-0.1202,0.3003,0.5011
107,0.2500,0.4500,-0.1292,0.2953,0.5076
108,-0.2000,0.3077,-0.1323,0.2503,0.4871
109,0.3250,0.5000,-0.1497,0.2478,0.4826
110,0.1000,0.6000,-0.1439,0.2228,0.4960
111,0.1500,0.3846,-0.1454,0.2107,0.4809
112,0.5000,0.5577,-0.1574,0.2257,0.4912
113,0.3000,0.4000,-0.1453,0.2325,0.4894
114,0.3500,0.3377,-0.1167,0.2475,0.4600
115,0.1000,0.2857,-0.1488,0.2175,0.4323
116,0.1500,0.4167,-0.1294,0.2025,0.4240
117,-0.0500,0.5000,-0.1130,0.1725,0.4290
118,0.6778,0.8333,-0.1253,0.2603,0.4816
119,0.1000,0.3721,-0.1085,0.2378,0.4688
120,0.1000,0.5882,-0.0984,0.2378,0.4676
121,-0.3500,0.4167,-0.1035,0.1878,0.4708
122,0.4667,0.6444,-0.1211,0.1844,0.4795
123,0.1500,0.5000,-0.1039,0.1694,0.4895
124,0.1000,0.5000,-0.1144,0.1444,0.5057
125,0.3000,0.4167,-0.0918,0.1644,0.5188
126,0.1500,0.3750,-0.1005,0.1644,0.5146
127,0.2513,0.7179,-0.0969,0.1946,0.5364
128,0.2500,0.3889,-0.0984,0.1518,0.4920
129,0.3500,0.4074,-0.1062,0.1768,0.4955
130,0.7833,0.8333,-0.0999,0.2451,0.5200
131,0.1417,0.4167,-0.1206,0.2943,0.5200
132,-0.0500,0.5405,-0.1631,0.2426,0.5096
133,0.3000,0.4857,-0.1733,0.2576,0.5082
134,0.1500,0.3913,-0.1877,0.2626,0.4973
135,-0.2000,0.5714,-0.2466,0.2126,0.5128
136,0.3800,0.6400,-0.2592,0.2356,0.5393
137,0.0500,0.5000,-0.2346,0.2155,0.5175
138,-0.0500,0.3636,-0.2743,0.1855,0.5150
139,0.3000,0.4333,-0.2605,0.1805,0.5176
140,-0.0267,0.3953,-0.2811,0.0995,0.4738
141,0.4500,0.4286,-0.2497,0.1303,0.4750
142,0.0500,0.6316,-0.2207,0.1403,0.4841
143,0.3667,0.4000,-0.2517,0.1470,0.4755
144,0.2500,0.5000,-0.2323,0.1570,0.4864
145,-0.1000,0.5833,-0.2300,0.1670,0.4876
146,0.3500,0.6197,-0.1876,0.1640,0.4856
147,0.0000,0.5000,-0.2255,0.1590,0.4856
148,0.4000,0.5833,-0.2448,0.2040,0.5075
149,-0.0525,0.3390,-0.2269,0.1687,0.4981
150,-0.0167,0.4000,-0.1918,0.1697,0.4986
151,0.3500,0.5556,-0.2031,0.1597,0.5113
152,0.0000,0.7500,-0.2063,0.1547,0.5231
153,-0.0500,0.5455,-0.1896,0.1131,0.5376
154,0.3311,0.6486,-0.2036,0.1212,0.5525
155,0.1000,0.4531,-0.2252,0.1412,0.5395
156,-0.2500,0.4706,-0.2156,0.0812,0.5246
157,-0.1500,0.6538,-0.2142,0.0662,0.5400
158,-0.0500,0.4375,-0.2125,0.0212,0.5254
159,-0.1115,0.6923,-0.2235,0.0153,0.5607
160,-0.0500,0.3636,-0.2162,0.0120,0.5571
161,0.1000,0.4937,-0.2354,-0.0130,0.5509
162,0.2000,0.6250,-0.2094,0.0070,0.5384
163,-0.1000,0.3600,-0.2253,0.0020,0.5198
164,-0.1000,0.4865,-0.2483,-0.0412,0.5036
165,0.2000,0.3333,-0.2767,-0.0312,0.4916
166,-0.0500,0.5161,-0.2835,-0.0112,0.4962
167,0.0000,0.5507,-0.3352,0.0038,0.4859
168,0.0500,0.6111,-0.3080,0.0138,0.5032
169,0.1000,0.5000,-0.3346,0.0350,0.4840
170,-0.1500,0.4667,-0.3065,0.0250,0.4943
171,0.2500,0.6000,-0.3328,0.0400,0.5049
172,0.2714,0.4286,-0.3119,0.0471,0.4853
173,0.0500,0.5385,-0.3675,0.0621,0.5031
174,0.1500,0.5833,-0.3598,0.0871,0.5128
175,-0.0500,0.4894,-0.3427,0.0621,0.5284
176,-0.1000,0.4167,-0.3324,0.0571,0.5185
177,0.2667,0.4667,-0.3219,0.0838,0.5101
178,-0.0500,0.3571,-0.2889,0.0738,0.4847
179,-0.1000,0.4737,-0.3248,0.0538,0.4821
180,-0.1500,0.5517,-0.3364,0.0538,0.4906
181,0.0000,0.5435,-0.3244,0.0288,0.4849
182,0.0056,0.5278,-0.3728,0.0022,0.4948
183,0.1500,0.3889,-0.3728,0.0122,0.4799
184,-0.0851,0.5821,-0.3377,-0.0113,0.4797
185,-0.1500,0.3636,-0.3574,-0.0213,0.4672
186,0.0000,0.5238,-0.3047,-0.0113,0.4779
187,-0.1500,0.4286,-0.3157,-0.0530,0.4741
188,-0.2000,0.7500,-0.3016,-0.0680,0.5134
189,-0.1500,0.5161,-0.3120,-0.0730,0.5176
190,-0.2000,0.5676,-0.2819,-0.0780,0.5192
191,0.0000,0.6774,-0.3077,-0.0780,0.5326
192,-0.0500,0.5526,-0.2626,-0.0835,0.5351
193,-0.0500,0.4667,-0.2359,-0.1035,0.5429
194,0.1250,0.6500,-0.2147,-0.0825,0.5496
195,-0.0500,0.4545,-0.1783,-0.0725,0.5587
196,0.0500,0.3000,-0.1590,-0.0675,0.5364
197,0.0000,0.4000,-0.1141,-0.0525,0.5335
198,-0.0447,0.3158,-0.1012,-0.0370,0.4901
199,0.0500,0.4583,-0.0834,-0.0170,0.4843
200,0.1000,0.4839,-0.0763,0.0130,0.4759
201,-0.1500,0.5161,-0.0516,-0.0020,0.4598
202,-0.0862,0.5319,-0.0341,-0.0056,0.4577
203,-0.0500,0.5294,-0.0154,-0.0056,0.4640
204,-0.0500,0.4306,-0.0118,-0.0231,0.4421
205,-0.0400,0.6200,0.0018,-0.0221,0.4586
206,-0.1500,0.4918,0.0034,-0.0421,0.4778
207,-0.3000,0.5833,0.0125,-0.0721,0.4961
208,-0.1000,0.3600,0.0156,-0.0776,0.5005
209,0.2000,0.6250,0.0160,-0.0626,0.5172
210,-0.0500,0.5417,0.0161,-0.0776,0.5230
211,-0.1328,0.5690,0.0104,-0.0759,0.5283
212,-0.1000,0.6333,0.0079,-0.0773,0.5384
213,-0.0000,0.6000,0.0052,-0.0723,0.5455
214,-0.0167,0.5417,0.0057,-0.0689,0.5566
215,0.0429,0.6667,-0.0021,-0.0607,0.5612
216,0.0500,0.4531,-0.0024,-0.0407,0.5574
217,-0.3500,0.4510,-0.0019,-0.0457,0.5441
218,0.1000,0.4928,-0.0015,-0.0257,0.5574
219,0.0000,0.3571,0.0001,-0.0457,0.5306
220,0.1286,0.4571,-0.0029,-0.0278,0.5222
221,0.0125,0.5938,-0.0033,-0.0133,0.5247
222,0.0045,0.5000,-0.0096,-0.0028,0.5113
223,0.1000,0.6471,-0.0109,0.0072,0.5160
224,-0.0500,0.7500,-0.0045,0.0038,0.5369
225,0.1500,0.8000,0.0045,0.0146,0.5502
226,0.0000,0.2105,0.0016,0.0096,0.5259
227,-0.1375,0.6875,0.0022,0.0308,0.5496
228,0.0905,0.6667,0.0027,0.0299,0.5670
229,-0.1500,0.5714,-0.0109,0.0149,0.5884
230,-0.1500,0.3750,-0.0195,-0.0130,0.5802
231,-0.1355,0.5652,-0.0173,-0.0278,0.5773
232,0.1500,0.5833,-0.0222,-0.0133,0.5857
233,0.0282,0.6479,-0.0313,-0.0204,0.5858
234,-0.1500,0.2273,-0.0390,-0.0304,0.5335
235,-0.0500,0.5000,-0.0361,-0.0504,0.5035
236,-0.1000,0.4000,-0.0404,-0.0604,0.5224
237,-0.0500,0.2273,-0.0312,-0.0517,0.4764
238,-0.0500,0.6000,-0.0551,-0.0657,0.4697
239,-0.3000,0.5000,-0.0528,-0.0807,0.4626
240,-0.2667,0.5833,-0.0577,-0.0924,0.4834
241,-0.2500,0.5435,-0.0493,-0.1038,0.4813
242,-0.3000,0.5000,-0.0554,-0.1488,0.4729
243,-0.2500,0.3750,-0.0591,-0.1767,0.4456
244,-0.1500,0.4600,-0.0559,-0.1767,0.4689
245,-0.2000,0.5200,-0.0542,-0.1917,0.4709
246,-0.3000,0.3750,-0.0538,-0.2117,0.4684
247,-0.2500,0.4286,-0.0492,-0.2317,0.4885
248,0.0750,0.5625,-0.0534,-0.2192,0.4848
249,-0.2500,0.6000,-0.0538,-0.2142,0.4948
250,-0.2000,0.6000,-0.0530,-0.2075,0.4965
