1,entropy,0,0.3125,0.0834,0.2421,0.1217,0.5028,0.1915,0.0000,5.12
1,entropy,2,0.3506,0.1280,0.2457,0.1446,0.5572,0.2541,0.3402,5.12
1,entropy,4,0.3569,0.1371,0.2550,0.1538,0.5697,0.2719,0.5342,5.12
1,entropy,8,0.3617,0.1387,0.2484,0.1521,0.5623,0.2607,0.6350,5.12
1,conc_pop,0,0.3125,0.0834,0.2421,0.1217,0.5028,0.1915,0.0000,7.99
1,conc_pop,2,0.3213,0.1302,0.2491,0.1514,0.4917,0.2766,0.7569,7.99
1,conc_pop,4,0.3301,0.1308,0.2498,0.1542,0.5207,0.2633,0.7945,7.99
1,conc_pop,8,0.3426,0.1279,0.2546,0.1605,0.5334,0.2663,0.8109,7.99
1,contactor,0,0.3125,0.0834,0.2421,0.1217,0.5028,0.1915,0.0000,8.00
1,contactor,2,0.3300,0.1299,0.2559,0.1673,0.5107,0.2381,0.8103,8.00
1,contactor,4,0.3602,0.1599,0.2642,0.1865,0.5757,0.3049,0.8679,8.00
1,contactor,8,0.3666,0.1656,0.2686,0.1887,0.5811,0.3268,0.9221,8.00
1,entdistill_ep4,0,0.3125,0.0834,0.2421,0.1217,0.5028,0.1915,0.0000,5.24
1,entdistill_ep4,2,0.3555,0.1329,0.2360,0.1519,0.5701,0.2502,0.5807,5.24
1,entdistill_ep4,4,0.3604,0.1364,0.2494,0.1541,0.5614,0.2620,0.6413,5.24
1,entdistill_ep4,8,0.3611,0.1496,0.2520,0.1629,0.5594,0.2860,0.7386,5.24
2,entropy,0,0.3099,0.0854,0.2390,0.1157,0.4953,0.1830,0.0000,5.19
2,entropy,2,0.3429,0.1207,0.2431,0.1328,0.5418,0.2429,0.3639,5.19
2,entropy,4,0.3592,0.1311,0.2509,0.1399,0.5662,0.2520,0.5342,5.19
2,entropy,8,0.3600,0.1342,0.2446,0.1493,0.5610,0.2650,0.6410,5.19
2,conc_pop,0,0.3099,0.0854,0.2390,0.1157,0.4953,0.1830,0.0000,7.99
2,conc_pop,2,0.3265,0.1173,0.2470,0.1448,0.5085,0.2554,0.7512,7.99
2,conc_pop,4,0.3367,0.1202,0.2486,0.1537,0.5306,0.2467,0.7922,7.99
2,conc_pop,8,0.3453,0.1176,0.2557,0.1558,0.5303,0.2411,0.8105,7.99
2,contactor,0,0.3099,0.0854,0.2390,0.1157,0.4953,0.1830,0.0000,8.00
2,contactor,2,0.3288,0.1229,0.2554,0.1599,0.5123,0.2414,0.8077,8.00
2,contactor,4,0.3636,0.1533,0.2632,0.1807,0.5904,0.3040,0.8660,8.00
2,contactor,8,0.3650,0.1605,0.2635,0.1787,0.5716,0.3212,0.9181,8.00
2,entdistill_ep4,0,0.3099,0.0854,0.2390,0.1157,0.4953,0.1830,0.0000,5.43
2,entdistill_ep4,2,0.3530,0.1258,0.2315,0.1403,0.5651,0.2391,0.5906,5.43
2,entdistill_ep4,4,0.3593,0.1315,0.2469,0.1496,0.5591,0.2485,0.6548,5.43
2,entdistill_ep4,8,0.3537,0.1489,0.2503,0.1602,0.5415,0.2934,0.7507,5.43
3,entropy,0,0.3037,0.0791,0.2389,0.1211,0.5067,0.1810,0.0000,5.14
3,entropy,2,0.3406,0.1170,0.2418,0.1451,0.5608,0.2343,0.3574,5.14
3,entropy,4,0.3567,0.1394,0.2514,0.1536,0.5901,0.2741,0.5364,5.14
3,entropy,8,0.3618,0.1419,0.2493,0.1493,0.5803,0.2762,0.6286,5.14
3,conc_pop,0,0.3037,0.0791,0.2389,0.1211,0.5067,0.1810,0.0000,7.98
3,conc_pop,2,0.3290,0.1281,0.2475,0.1468,0.5250,0.2745,0.7420,7.98
3,conc_pop,4,0.3402,0.1329,0.2508,0.1517,0.5498,0.2724,0.7822,7.98
3,conc_pop,8,0.3468,0.1310,0.2546,0.1563,0.5483,0.2701,0.8039,7.98
3,contactor,0,0.3037,0.0791,0.2389,0.1211,0.5067,0.1810,0.0000,8.00
3,contactor,2,0.3241,0.1233,0.2575,0.1667,0.5173,0.2538,0.8016,8.00
3,contactor,4,0.3598,0.1569,0.2649,0.1794,0.5900,0.3008,0.8641,8.00
3,contactor,8,0.3618,0.1564,0.2653,0.1884,0.5832,0.3085,0.9178,8.00
3,entdistill_ep4,0,0.3037,0.0791,0.2389,0.1211,0.5067,0.1810,0.0000,5.38
3,entdistill_ep4,2,0.3544,0.1317,0.2409,0.1418,0.5827,0.2539,0.5792,5.38
3,entdistill_ep4,4,0.3584,0.1409,0.2512,0.1511,0.5756,0.2705,0.6386,5.38
3,entdistill_ep4,8,0.3626,0.1533,0.2578,0.1643,0.5662,0.2870,0.7373,5.38
7,entropy,0,0.3036,0.0738,0.2381,0.1152,0.5033,0.1806,0.0000,5.19
7,entropy,2,0.3456,0.1138,0.2442,0.1324,0.5683,0.2276,0.3590,5.19
7,entropy,4,0.3553,0.1305,0.2545,0.1507,0.5745,0.2563,0.5389,5.19
7,entropy,8,0.3585,0.1380,0.2475,0.1452,0.5740,0.2799,0.6372,5.19
7,conc_pop,0,0.3036,0.0738,0.2381,0.1152,0.5033,0.1806,0.0000,8.00
7,conc_pop,2,0.3300,0.1158,0.2482,0.1376,0.5242,0.2535,0.7539,8.00
7,conc_pop,4,0.3413,0.1264,0.2488,0.1443,0.5350,0.2606,0.7898,8.00
7,conc_pop,8,0.3509,0.1266,0.2546,0.1524,0.5544,0.2725,0.8080,8.00
7,contactor,0,0.3036,0.0738,0.2381,0.1152,0.5033,0.1806,0.0000,8.00
7,contactor,2,0.3295,0.1269,0.2565,0.1540,0.5235,0.2536,0.8086,8.00
7,contactor,4,0.3674,0.1576,0.2657,0.1709,0.5926,0.2972,0.8671,8.00
7,contactor,8,0.3674,0.1594,0.2647,0.1756,0.5836,0.3150,0.9205,8.00
7,entdistill_ep4,0,0.3036,0.0738,0.2381,0.1152,0.5033,0.1806,0.0000,5.36
7,entdistill_ep4,2,0.3501,0.1276,0.2329,0.1415,0.5788,0.2642,0.5918,5.36
7,entdistill_ep4,4,0.3590,0.1402,0.2469,0.1461,0.5748,0.2789,0.6513,5.36
7,entdistill_ep4,8,0.3597,0.1526,0.2501,0.1568,0.5738,0.3037,0.7492,5.36
11,entropy,0,0.3200,0.0822,0.2388,0.1201,0.5219,0.1797,0.0000,5.15
11,entropy,2,0.3612,0.1208,0.2452,0.1388,0.5804,0.2497,0.3609,5.15
11,entropy,4,0.3658,0.1385,0.2513,0.1546,0.5821,0.2687,0.5427,5.15
11,entropy,8,0.3624,0.1459,0.2453,0.1545,0.5617,0.2873,0.6359,5.15
11,conc_pop,0,0.3200,0.0822,0.2388,0.1201,0.5219,0.1797,0.0000,7.99
11,conc_pop,2,0.3318,0.1220,0.2429,0.1553,0.5041,0.2530,0.7460,7.99
11,conc_pop,4,0.3408,0.1325,0.2475,0.1572,0.5266,0.2690,0.7875,7.99
11,conc_pop,8,0.3469,0.1287,0.2536,0.1599,0.5380,0.2561,0.8051,7.99
11,contactor,0,0.3200,0.0822,0.2388,0.1201,0.5219,0.1797,0.0000,8.00
11,contactor,2,0.3346,0.1317,0.2526,0.1671,0.5284,0.2522,0.8043,8.00
11,contactor,4,0.3708,0.1664,0.2584,0.1793,0.5986,0.3163,0.8655,8.00
11,contactor,8,0.3708,0.1697,0.2628,0.1852,0.5808,0.3355,0.9177,8.00
11,entdistill_ep4,0,0.3200,0.0822,0.2388,0.1201,0.5219,0.1797,0.0000,5.32
11,entdistill_ep4,2,0.3592,0.1264,0.2319,0.1416,0.5741,0.2449,0.5829,5.32
11,entdistill_ep4,4,0.3624,0.1394,0.2420,0.1582,0.5584,0.2661,0.6480,5.32
11,entdistill_ep4,8,0.3634,0.1562,0.2450,0.1654,0.5598,0.2922,0.7468,5.32
